{"cameraMode":{"drawMode":0,"name":"Shaded","section":"Shading Mode"},"sceneLighting":false,"audioPlay":false,"sceneViewState":{"showFog":true,"showMaterialUpdate":false,"showSkybox":true,"showFlares":true,"showImageEffects":true,"showParticleSystems":true},"in2DMode":false,"pivot":{"x":2.6909332275390627,"y":-0.6038069725036621,"z":3.004912853240967},"rotation":{"x":-0.15306717157363892,"y":0.22379553318023683,"z":-0.035613253712654117,"w":-0.9618824124336243},"size":44.973846435546878,"orthographic":false}